{
    "PositionID": 4,
    "PositionName": "3",
    "JointPositions": [
        2.3968450477696024e-05,
        -1.5707123915301722,
        -8.422533144170075e-05,
        -1.570796314870016,
        0.00012021676229778677,
        -7.18275653284195e-05
    ]
}