{
    "PositionID": 5,
    "PositionName": "4",
    "JointPositions": [
        8.388957940042019e-05,
        -1.5711076895343226,
        -0.000443760548726857,
        -1.5708912054644983,
        1.5918841361999512,
        -9.566942323857575e-05
    ]
}