{"PositionID": 3, "PositionName": "test2", "JointPositions": [-4.178682436162262e-05, -1.570707146321432, -7.993379701787262e-05, -1.5708101431476038, 0.8490082025527954, 7.300000288523734e-05]}