{
    "PositionID": 8,
    "PositionName": "7",
    "JointPositions": [
        4.793690095539205e-05,
        -1.5716951529132288,
        -0.001103703175679982,
        -1.5526049772845667,
        0.03307383880019188,
        -0.07172662416567022
    ]
}