{
    "PositionID": 15,
    "PositionName": "14",
    "JointPositions": [
        -0.0807722250567835,
        -2.652138058339254,
        0.9010806083679199,
        -1.3260958830462855,
        -1.5438082853900355,
        -0.0716784636126917
    ]
}