{
    "PositionID": 9,
    "PositionName": "8",
    "JointPositions": [
        -1.5183704535113733,
        -1.5984843412982386,
        0.11528921127319336,
        -1.5525572935687464,
        0.03300193324685097,
        -0.07170278230776006
    ]
}