{
    "PositionID": 12,
    "PositionName": "11",
    "JointPositions": [
        -1.518824879323141,
        -2.642343823109762,
        0.9007091522216797,
        -2.4870060125934046,
        0.033230382949113846,
        -0.07172662416567022
    ]
}