{
    "PositionID": 11,
    "PositionName": "10",
    "JointPositions": [
        -1.5182984511004847,
        -2.4167822043048304,
        0.9011044502258301,
        -1.5524256865130823,
        0.03308582305908203,
        -0.07171470323671514
    ]
}