{
    "PositionID": 2,
    "PositionName": "now",
    "JointPositions": [
        -0.000970188771383107,
        -1.5676453749286097,
        -4.7985707418263246e-05,
        -1.562514607106344,
        0.01026336569339037,
        1.56
    ]
}
