{
    "PositionID": 16,
    "PositionName": "15",
    "JointPositions": [
        -0.08080798784364873,
        -1.6937993208514612,
        0.6404776573181152,
        -3.5933550039874476,
        -1.6335104147540491,
        -0.07166654268373662
    ]
}