{
    "PositionID": 3,
    "PositionName": "2",
    "JointPositions": [
        9.58738019107841e-05,
        -1.9990909735309046,
        -0.02738505998720342,
        -1.5994461218463343,
        0.00016815366689115763,
        -0.00010759035219365387
    ]
}