{
    "PositionID": 13,
    "PositionName": "12",
    "JointPositions": [
        -1.518824879323141,
        -2.6424034277545374,
        0.900853157043457,
        -1.3259523550616663,
        0.03313450887799263,
        -0.07170278230776006
    ]
}