{
    "PositionID": 6,
    "PositionName": "5",
    "JointPositions": [
        5.992112710373476e-05,
        -1.5719106833087366,
        -0.000935856495992482,
        -1.5709155241595667,
        1.5934158563613892,
        1.476790189743042
    ]
}