{"PositionID": 4, "PositionName": "home", "JointPositions": [0.0, -1.5707958380328577, 0.0, -1.5707958380328577, 0.0, 0.0]}