{
    "PositionID": 7,
    "PositionName": "6",
    "JointPositions": [
        7.190534961409867e-05,
        -1.5717666784869593,
        -0.0010321776019495132,
        -1.5679476896869105,
        1.53411865234375,
        -1.622354809437887
    ]
}