{
    "PositionID": 2,
    "PositionName": "1",
    "JointPositions": [
        5.992112710373476e-05,
        -1.1326678434955042,
        0.0021839141845703125,
        -1.557392422352926,
        7.227985770441592e-05,
        -0.00010759035219365387
    ]
}