{
    "PositionID": 10,
    "PositionName": "9",
    "JointPositions": [
        -1.5182626883136194,
        -2.426720921193258,
        0.09855127334594727,
        -1.552856747304098,
        0.03312252461910248,
        -0.07171470323671514
    ]
}