{
    "PositionID": 17,
    "PositionName": "16",
    "JointPositions": [
        -0.00010711351503545075,
        -1.5707600752459925,
        0.00011968612670898438,
        -1.570808235798971,
        0.00013220097753219306,
        -0.00013143221010381012
    ]
}