{
    "PositionID": 14,
    "PositionName": "13",
    "JointPositions": [
        -0.08072454134096319,
        -2.6426075140582483,
        0.9009609222412109,
        -1.3259404341327112,
        0.03313450887799263,
        -0.07171470323671514
    ]
}